Time(s),Blinks,Blink Rate
0,0,0
0,0,0
0,0,0
0,0,0
0,0,0
0,1,77
0,1,75
0,1,74
0,1,68
0,1,67
0,1,64
0,1,63
0,2,120
1,2,119
1,2,114
1,2,110
1,2,106
1,2,105
1,3,152
1,3,150
1,3,143
1,3,140
1,3,134
1,3,134
1,3,129
1,3,127
1,3,123
1,3,121
1,3,118
1,3,117
1,3,113
1,3,112
1,4,144
1,4,143
1,4,139
1,4,136
1,4,134
1,4,133
1,4,129
1,5,160
1,5,156
1,5,155
1,5,150
2,5,148
2,5,146
2,5,144
2,5,141
2,5,139
2,5,137
2,6,163
2,6,159
2,6,158
2,6,155
2,6,154
2,6,149
2,6,148
2,6,148
2,6,145
2,6,142
2,6,142
2,6,138
2,6,137
2,6,135
2,6,135
2,6,132
2,6,131
2,6,128
2,7,148
2,7,148
2,7,147
2,7,143
2,7,143
2,7,140
2,7,140
3,7,137
3,7,137
3,7,134
3,7,132
3,7,131
3,7,131
3,7,130
3,7,128
3,7,126
3,7,125
3,7,123
3,7,123
3,7,121
3,7,121
3,7,118
3,7,118
3,7,118
3,7,116
3,7,116
3,7,114
3,7,112
3,7,112
3,7,110
3,7,110
3,7,108
3,7,108
3,7,107
3,7,106
3,7,106
3,7,105
4,7,104
4,7,103
4,8,116
4,8,116
4,8,114
4,8,114
4,8,112
4,8,112
4,8,111
4,8,110
4,8,110
4,9,122
4,9,122
4,9,120
4,9,119
4,9,119
4,9,117
4,9,117
4,9,115
4,9,115
4,9,114
4,9,114
4,9,113
4,9,112
4,9,112
4,9,111
4,9,109
4,9,109
5,9,107
5,9,107
5,9,106
5,9,106
5,9,106
5,9,105
5,9,104
5,9,103
5,9,103
5,9,102
5,9,101
5,9,101
5,9,100
5,9,99
5,9,99
5,9,98
5,9,98
5,9,97
5,9,97
5,9,96
5,9,96
5,9,95
5,9,94
5,9,94
5,9,92
5,9,92
5,9,92
5,9,92
5,9,91
5,9,91
5,9,90
5,9,90
6,9,89
6,9,89
6,9,87
6,9,87
6,9,87
6,9,87
6,9,86
6,9,86
6,9,86
6,9,85
6,9,85
6,9,84
6,9,84
6,9,83
6,9,82
6,9,82
6,9,82
6,9,81
6,9,81
6,9,80
6,9,80
6,9,80
6,9,80
6,9,79
6,9,79
6,9,78
6,9,78
6,9,77
6,9,77
7,9,77
7,9,77
7,9,76
7,9,76
7,9,75
7,9,75
7,9,75
7,9,74
7,9,74
7,9,74
7,9,73
7,9,73
7,9,72
7,9,72
7,10,80
7,10,80
7,10,79
7,10,79
7,10,78
7,10,78
7,10,78
7,10,77
7,10,77
7,10,77
7,10,76
7,11,84
7,11,83
7,11,83
7,11,83
7,11,83
8,11,82
8,12,89
8,12,89
8,12,89
8,12,88
8,12,88
8,12,87
8,12,87
8,12,87
8,12,86
8,12,86
8,12,86
8,12,85
8,12,85
8,12,84
8,12,84
8,12,84
8,12,84
8,12,83
8,12,83
8,12,83
8,12,82
8,12,82
8,12,82
8,12,81
8,12,81
8,12,81
8,12,80
8,12,80
8,12,80
9,12,79
9,12,79
9,12,79
9,12,79
9,12,78
9,12,78
9,12,78
9,12,78
9,12,77
9,12,77
9,12,77
9,12,76
9,12,76
9,12,76
9,12,76
9,12,75
9,12,75
9,12,75
9,12,74
9,12,74
9,12,74
9,12,74
9,12,73
9,12,73
9,12,73
9,12,73
9,12,72
9,12,72
9,12,72
9,12,72
10,12,71
10,12,71
10,12,71
10,12,71
10,12,71
10,12,70
10,12,70
10,12,70
10,12,70
10,12,69
10,12,69
10,12,69
10,12,69
10,12,69
10,12,68
10,12,68
10,12,68
10,12,68
10,12,67
10,12,67
10,12,67
10,12,67
10,12,67
10,12,66
10,12,66
10,12,66
10,12,66
10,12,66
10,12,65
10,12,65
11,12,65
11,12,65
11,12,64
11,12,64
11,12,64
11,12,64
11,12,64
11,12,64
11,12,63
11,12,63
11,12,63
11,12,63
11,12,63
11,12,62
11,12,62
11,12,62
11,12,62
11,12,62
11,12,61
11,12,61
11,12,61
11,12,61
11,12,61
11,12,61
11,12,60
11,12,60
11,12,60
11,12,60
11,12,60
11,12,60
12,12,59
12,12,59
12,12,59
12,12,59
12,12,59
12,12,59
12,12,58
12,12,58
12,12,58
12,12,58
12,12,58
12,12,58
12,12,57
12,12,57
12,12,57
12,12,57
12,12,57
12,12,57
12,12,57
12,12,56
12,12,56
12,12,56
12,12,56
12,12,56
12,12,56
12,12,56
12,12,55
12,12,55
12,12,55
12,12,55
13,12,55
14,12,49
14,13,52
14,13,52
14,13,52
14,13,52
15,13,51
15,13,51
15,13,51
15,13,51
15,13,51
15,13,51
15,13,51
15,13,51
15,13,51
15,13,51
15,13,50
15,13,50
15,13,50
15,13,50
15,13,50
15,13,50
15,13,50
15,13,50
15,13,50
15,13,49
15,13,49
15,13,49
15,13,49
15,13,49
15,13,49
15,13,49
15,13,49
15,13,48
15,13,48
15,13,48
15,13,48
16,13,48
16,13,48
16,13,48
16,13,48
16,13,48
16,13,48
16,13,48
16,13,47
16,13,47
16,13,47
16,13,47
16,13,47
16,13,47
16,13,47
16,13,47
16,13,47
16,13,47
16,13,46
16,13,46
16,13,46
16,13,46
16,13,46
16,13,46
16,13,46
16,13,46
16,13,46
16,13,46
16,13,45
16,13,45
17,13,45
17,13,45
17,13,45
17,13,45
17,13,45
17,13,45
17,13,45
17,13,45
17,13,45
17,14,48
17,14,48
17,14,48
17,14,48
17,15,51
17,15,51
17,15,51
17,15,51
17,16,54
17,16,54
17,16,54
17,16,54
17,16,54
17,16,54
17,16,54
17,16,53
17,16,53
17,16,53
17,16,53
17,16,53
17,16,53
17,16,53
18,16,53
18,16,53
18,16,53
18,16,52
18,16,52
18,16,52
18,16,52
18,16,52
18,16,52
18,16,52
18,16,52
18,16,52
18,16,52
18,16,52
18,16,51
18,16,51
18,16,51
18,16,51
18,16,51
18,16,51
18,16,51
18,17,54
18,17,54
18,17,54
18,17,54
18,17,54
18,17,53
18,17,53
18,17,53
18,17,53
19,17,53
19,17,53
19,17,53
19,17,53
19,17,53
19,17,53
19,17,53
19,17,53
19,17,52
19,17,52
19,17,52
19,17,52
19,17,52
19,17,52
19,17,52
19,17,52
19,17,52
19,17,52
19,17,51
19,17,51
19,17,51
19,17,51
19,17,51
19,17,51
19,17,51
19,17,51
19,17,51
19,17,51
19,17,51
19,17,51
20,17,50
20,17,50
20,17,50
20,17,50
20,17,50
20,17,50
20,17,50
20,17,50
20,17,50
20,17,50
20,17,50
20,17,50
20,17,49
20,17,49
20,17,49
20,17,49
20,18,52
20,18,52
20,18,52
20,18,52
20,18,52
20,18,52
20,19,54
20,19,54
20,19,54
20,19,54
20,19,54
20,19,54
20,19,54
20,20,57
21,20,57
21,20,56
21,20,56
21,20,56
21,21,59
21,21,59
21,21,59
21,21,59
21,21,59
21,21,59
21,21,58
21,21,58
21,21,58
21,21,58
21,21,58
21,21,58
21,21,58
21,22,61
21,22,60
21,22,60
21,22,60
21,22,60
21,22,60
21,22,60
21,22,60
21,22,60
21,22,60
21,22,60
21,22,60
21,22,60
22,22,59
22,22,59
22,22,59
22,22,59
22,22,59
22,22,59
22,22,59
22,22,59
22,22,59
22,22,59
22,22,58
22,22,58
22,22,58
22,22,58
22,22,58
22,22,58
22,22,58
22,22,58
22,22,58
22,22,58
22,22,58
22,22,58
22,22,57
22,22,57
22,22,57
22,22,57
22,22,57
22,22,57
22,23,60
22,23,60
23,23,59
23,23,59
23,23,59
23,23,59
23,23,59
23,23,59
23,23,59
23,23,59
23,23,59
23,23,59
23,23,59
23,23,59
23,23,58
23,23,58
23,23,58
23,23,58
23,23,58
23,23,58
23,23,58
23,23,58
23,23,58
23,23,58
23,23,58
23,24,60
23,24,60
23,24,60
23,24,60
23,24,60
23,24,60
24,24,59
24,24,59
24,24,59
24,24,59
24,24,59
24,24,59
24,24,59
24,24,59
24,24,59
24,24,59
24,24,59
24,24,59
24,24,59
24,24,58
24,24,58
24,24,58
24,24,58
24,24,58
24,24,58
24,24,58
24,24,58
24,24,58
24,24,58
24,24,58
24,24,58
24,24,57
24,24,57
24,24,57
24,24,57
24,24,57
25,24,57
25,24,57
25,24,57
25,24,57
25,24,57
25,24,57
25,24,57
25,24,57
25,24,56
25,24,56
25,24,56
25,25,59
25,25,59
25,25,58
25,25,58
25,25,58
25,25,58
25,25,58
25,26,60
25,26,60
25,26,60
25,26,60
25,26,60
25,26,60
25,26,60
25,26,60
25,26,60
25,26,60
25,27,62
25,27,62
26,27,62
26,27,62
26,27,62
26,27,62
26,27,61
26,27,61
26,27,61
26,27,61
26,27,61
26,27,61
26,28,63
26,28,63
26,28,63
26,28,63
26,28,63
26,28,63
26,28,63
26,28,63
26,28,63
26,28,63
26,28,62
26,28,62
26,28,62
26,28,62
26,28,62
26,28,62
26,28,62
26,28,62
26,28,62
26,28,62
27,29,64
27,29,64
27,29,64
27,29,64
27,29,64
27,29,63
27,29,63
27,29,63
27,29,63
27,29,63
27,29,63
27,29,63
27,29,63
27,29,63
27,29,63
27,29,63
27,29,63
27,29,63
27,29,62
27,29,62
27,29,62
27,29,62
27,29,62
27,29,62
27,29,62
27,29,62
27,29,62
27,29,62
27,29,62
27,29,62
27,29,62
28,29,62
28,29,62
28,29,61
28,29,61
28,29,61
28,29,61
28,29,61
28,29,61
28,29,61
28,29,61
28,29,61
28,29,61
28,29,61
28,29,61
28,29,61
28,29,60
28,29,60
28,29,60
28,29,60
28,29,60
28,29,60
28,29,60
28,29,60
28,29,60
28,29,60
28,29,60
28,29,60
28,30,62
28,30,62
29,30,62
29,31,63
29,31,63
29,31,63
29,31,63
29,32,65
29,32,65
29,32,65
29,32,65
29,32,65
29,32,65
29,32,65
29,33,67
29,33,67
29,33,67
29,33,67
29,33,67
29,33,66
29,34,68
29,34,68
29,34,68
29,34,68
29,34,68
29,34,68
29,34,68
29,34,68
29,34,68
29,34,68
29,34,68
29,35,70
29,35,70
30,35,69
30,35,68
30,35,68
30,35,68
30,35,68
30,35,68
30,35,68
30,35,68
30,35,68
30,35,68
30,35,68
30,35,68
30,35,68
30,35,68
30,35,68
30,35,68
30,35,68
30,35,67
30,35,67
30,35,67
31,35,67
31,35,67
31,35,67
31,35,67
31,35,67
31,35,67
31,35,67
31,35,67
31,35,67
31,35,67
31,35,66
31,35,66
31,35,66
31,35,66
31,35,66
31,35,66
31,35,66
31,35,66
31,35,66
31,35,66
31,35,66
31,35,66
31,35,66
31,35,66
31,35,66
31,35,66
31,35,65
31,35,65
31,35,65
31,35,65
31,35,65
32,35,65
32,35,65
32,35,65
32,35,65
32,35,65
32,35,65
32,35,65
32,35,65
32,35,65
32,35,64
32,35,64
32,35,64
32,35,64
32,35,64
32,35,64
32,35,64
32,35,64
32,35,64
32,35,64
32,35,64
32,35,64
32,35,64
32,35,64
32,35,64
32,35,64
32,35,63
32,35,63
32,35,63
32,35,63
33,35,63
33,35,63
33,35,63
33,35,63
33,35,63
33,35,63
33,35,63
33,35,63
33,35,63
33,35,63
33,35,62
33,35,62
33,35,62
33,35,62
33,35,62
33,35,62
33,35,62
33,35,62
33,35,62
33,35,62
33,35,62
33,35,62
33,35,62
33,35,62
33,35,62
33,35,62
33,35,62
33,35,61
33,35,61
33,35,61
34,35,61
34,35,61
34,35,61
34,35,61
34,35,61
34,35,61
34,35,61
34,35,61
34,35,61
34,35,61
34,35,61
34,35,61
34,35,61
34,35,60
34,35,60
34,35,60
34,35,60
34,35,60
34,35,60
34,35,60
34,35,60
34,35,60
34,35,60
34,35,60
34,35,60
34,35,60
34,35,60
34,35,60
34,35,60
34,35,60
35,35,59
35,35,59
35,35,59
35,35,59
35,35,58
35,35,58
35,35,58
36,35,58
36,35,57
36,35,57
36,35,57
36,35,57
36,35,56
36,35,56
37,35,56
37,35,56
37,35,56
37,35,56
37,35,55
37,35,55
37,35,55
38,35,55
38,35,55
38,35,54
38,35,54
38,35,54
38,35,54
38,35,54
38,35,54
38,35,53
39,35,53
39,35,53
39,35,53
39,35,53
39,35,53
39,35,52
39,35,52
39,35,52
40,35,52
40,35,52
40,35,52
40,35,51
40,35,51
40,35,51
40,35,51
40,35,51
40,35,51
41,35,51
41,35,50
41,35,50
41,35,50
41,35,50
41,35,50
41,35,50
41,35,50
41,35,50
42,35,49
42,35,49
42,35,49
42,35,49
42,35,49
42,35,49
42,35,49
42,35,48
43,35,48
43,35,48
43,35,48
43,35,48
43,35,48
43,35,47
43,35,47
44,35,47
44,35,47
44,35,47
44,35,47
44,35,47
44,35,46
44,35,46
45,35,46
45,35,46
45,35,46
45,35,46
45,35,46
45,35,45
45,35,45
45,35,45
46,35,45
46,35,45
46,35,45
46,35,45
46,35,45
46,35,44
46,35,44
46,35,44
47,35,44
47,35,44
47,35,44
47,35,44
47,35,44
47,35,44
47,35,43
47,35,43
47,35,43
48,35,43
48,35,43
48,35,43
48,35,43
48,35,43
48,35,43
48,35,43
48,35,42
49,35,42
49,35,42
49,35,42
49,35,42
49,35,42
49,35,42
49,35,42
49,35,42
50,35,41
50,35,41
50,35,41
50,35,41
50,35,41
50,36,42
50,36,42
50,36,42
50,36,42
50,37,43
50,37,43
50,37,43
51,37,43
51,37,43
51,37,43
51,37,43
51,37,43
51,37,43
51,37,43
51,37,43
51,38,44
51,38,44
51,38,44
51,38,44
51,38,44
51,38,44
51,38,44
51,38,44
51,38,44
51,38,44
51,38,44
51,38,43
52,38,43
52,38,43
52,38,43
52,38,43
52,38,43
52,38,43
52,38,43
52,38,43
52,38,43
52,38,43
52,39,44
52,39,44
52,39,44
52,39,44
52,39,44
52,39,44
52,39,44
52,39,44
52,39,44
52,39,44
52,39,44
52,39,44
52,39,44
52,39,44
52,39,44
52,39,44
52,39,44
52,39,44
52,39,44
52,39,44
52,39,44
53,39,44
53,39,44
53,39,44
53,39,44
53,39,44
53,39,44
53,39,43
53,39,43
53,39,43
53,39,43
53,39,43
53,39,43
53,39,43
53,39,43
53,39,43
53,39,43
53,39,43
53,39,43
53,39,43
53,39,43
53,39,43
53,39,43
53,39,43
53,39,43
53,39,43
53,39,43
53,39,43
53,39,43
53,39,43
53,39,43
54,39,42
54,39,42
55,39,42
55,39,42
55,39,42
55,39,42
55,39,42
55,39,42
55,39,42
55,39,42
55,39,42
55,39,42
55,39,41
55,39,41
55,39,41
55,39,41
55,39,41
55,39,41
55,39,41
55,39,41
55,39,41
55,39,41
56,39,41
56,39,41
56,39,41
56,39,41
56,39,41
56,39,41
56,39,41
56,39,41
56,39,41
56,39,41
56,39,41
56,39,41
56,39,41
56,39,41
56,39,41
56,39,41
56,39,41
56,39,41
56,39,41
56,39,41
56,39,41
56,39,41
56,39,41
56,39,41
56,39,41
56,39,41
56,39,41
56,39,41
56,39,41
57,39,41
57,39,41
57,39,41
57,39,40
57,39,40
57,39,40
57,39,40
57,39,40
57,39,40
57,39,40
57,39,40
57,39,40
57,39,40
57,39,40
58,39,40
58,39,40
58,39,40
58,39,40
58,39,39
58,39,39
58,39,39
58,39,39
58,39,39
59,39,39
59,39,39
59,39,39
59,39,39
59,39,39
59,39,39
59,39,39
59,39,39
59,39,39
60,39,38
60,39,38
60,39,38
60,39,38
60,39,38
60,39,38
61,39,38
61,39,38
61,39,38
61,39,38
61,39,38
61,39,37
61,39,37
61,39,37
61,39,37
62,39,37
62,39,37
62,39,37
62,39,37
62,39,37
62,39,37
62,39,37
62,39,37
63,39,37
63,39,37
63,39,37
63,39,36
63,39,36
63,39,36
63,39,36
63,39,36
63,39,36
64,39,36
64,39,36
64,39,36
64,39,36
64,39,36
64,39,36
64,39,36
64,39,36
64,39,36
65,39,35
65,39,35
65,39,35
65,39,35
65,39,35
65,39,35
65,39,35
66,39,35
66,39,35
66,39,35
66,39,35
66,39,35
66,39,35
66,39,35
66,39,34
67,39,34
67,39,34
67,39,34
67,39,34
67,39,34
67,39,34
67,39,34
67,39,34
67,39,34
68,39,34
68,39,34
68,39,34
68,39,34
68,39,34
68,39,34
68,39,33
69,39,33
69,39,33
69,39,33
69,39,33
69,39,33
69,39,33
69,39,33
70,39,33
70,39,33
70,39,33
70,39,33
70,39,33
70,39,33
70,39,33
71,39,32
71,39,32
71,39,32
71,39,32
71,39,32
71,39,32
71,39,32
72,39,32
72,39,32
72,39,32
72,39,32
72,39,32
72,39,32
72,39,32
72,39,32
72,39,32
73,39,32
73,39,31
73,39,31
73,39,31
73,39,31
73,39,31
73,39,31
73,39,31
74,39,31
74,39,31
74,39,31
74,39,31
74,39,31
74,39,31
74,39,31
74,39,31
74,39,31
75,39,31
75,39,31
75,39,31
75,39,31
75,39,30
75,39,30
75,39,30
75,39,30
76,39,30
76,39,30
76,39,30
76,39,30
76,39,30
76,39,30
76,39,30
76,39,30
77,39,30
77,39,30
77,39,30
77,39,30
77,39,30
77,39,30
77,39,30
77,39,30
78,39,29
78,39,29
78,39,29
78,39,29
78,39,29
78,39,29
78,39,29
79,39,29
79,39,29
79,39,29
79,39,29
79,39,29
79,39,29
79,39,29
79,39,29
80,39,29
80,39,29
80,39,29
80,39,29
80,39,29
80,39,29
80,39,28
80,39,28
81,39,28
81,39,28
81,39,28
81,39,28
81,39,28
81,39,28
81,39,28
81,39,28
82,39,28
82,39,28
82,39,28
82,39,28
82,39,28
82,39,28
82,39,28
82,39,28
83,39,28
83,39,28
83,39,28
83,39,28
83,39,28
83,39,27
83,39,27
83,39,27
84,39,27
84,39,27
84,39,27
84,39,27
84,39,27
84,39,27
84,39,27
84,39,27
85,39,27
85,39,27
85,39,27
85,39,27
85,39,27
85,39,27
85,39,27
85,40,27
85,40,27
85,40,27
86,40,27
86,40,27
86,40,27
86,40,27
86,40,27
86,40,27
86,40,27
86,40,27
86,40,27
86,40,27
86,40,27
86,41,28
86,41,28
86,41,28
86,42,29
86,42,29
86,42,29
86,42,29
86,42,29
86,42,29
86,42,29
86,42,29
86,42,29
86,42,29
86,42,29
86,42,29
86,42,29
86,42,29
86,42,28
86,42,28
87,43,29
87,43,29
87,43,29
87,43,29
87,43,29
87,43,29
87,43,29
87,43,29
87,43,29
87,43,29
87,43,29
87,43,29
87,43,29
87,43,29
87,43,29
87,43,29
87,43,29
87,43,29
87,43,29
87,43,29
87,43,29
87,43,29
87,43,29
87,43,29
87,44,30
87,44,30
87,44,30
87,44,30
87,44,30
87,44,30
88,44,29
88,44,29
88,44,29
88,44,29
88,44,29
88,44,29
88,44,29
88,44,29
88,44,29
88,44,29
88,44,29
88,44,29
88,44,29
88,44,29
88,44,29
88,44,29
88,44,29
88,44,29
88,44,29
88,44,29
88,44,29
88,44,29
88,44,29
88,44,29
88,44,29
88,44,29
88,44,29
88,44,29
88,44,29
88,44,29
89,44,29
89,44,29
89,44,29
89,44,29
89,44,29
89,44,29
89,44,29
89,44,29
89,44,29
89,44,29
89,44,29
89,44,29
89,44,29
89,44,29
89,44,29
89,44,29
89,44,29
89,44,29
89,44,29
89,44,29
89,44,29
89,44,29
89,44,29
89,44,29
89,44,29
89,44,29
89,44,29
89,44,29
89,44,29
89,44,29
90,44,29
90,44,29
90,44,29
90,44,29
90,44,29
90,44,29
90,44,29
90,44,29
90,44,29
90,44,29
90,44,29
90,44,29
90,44,29
90,44,29
90,44,29
90,44,29
90,44,29
90,44,29
90,44,29
90,44,29
90,44,29
90,44,29
90,44,29
90,44,29
90,44,29
90,44,29
90,44,29
91,44,29
91,44,28
91,44,28
91,44,28
91,44,28
91,44,28
91,44,28
91,44,28
91,44,28
91,44,28
91,44,28
91,44,28
91,44,28
91,44,28
91,44,28
91,44,28
91,44,28
91,44,28
91,44,28
91,44,28
91,44,28
91,44,28
91,44,28
91,44,28
91,44,28
91,44,28
91,44,28
91,44,28
91,44,28
91,44,28
91,44,28
92,44,28
92,44,28
92,44,28
92,44,28
92,44,28
92,44,28
92,44,28
92,44,28
